Estimated Accuracy,Real Accuracy
0.8181818181818182,0.7946428571428571
0.8607594936708861,0.8125
0.8333333333333334,0.8660714285714286
0.7866666666666666,0.8303571428571429
0.8266666666666667,0.8303571428571429
0.8133333333333334,0.8482142857142857
0.788235294117647,0.8482142857142857
0.8674698795180723,0.875
0.8235294117647058,0.8303571428571429
0.8333333333333334,0.8214285714285714
0.8717948717948718,0.875
0.7323943661971831,0.8392857142857143
