Estimated Accuracy,Real Accuracy
0.7894736842105263,0.7946428571428571
0.7816091954022989,0.8303571428571429
0.8133333333333334,0.8392857142857143
0.7534246575342466,0.8660714285714286
0.8275862068965517,0.8125
0.821917808219178,0.8660714285714286
0.8481012658227848,0.8660714285714286
0.8888888888888888,0.8035714285714286
0.8620689655172413,0.8660714285714286
0.8611111111111112,0.8303571428571429
0.8876404494382022,0.8214285714285714
